QueryNumber;DocNumber;DocVotes
00001;139;7
00001;151;6
00001;166;1
00001;311;1
00001;370;2
00001;392;1
00001;439;1
00001;440;2
00001;441;7
00001;454;1
00001;461;5
00001;502;2
00001;503;1
00001;505;1
00001;520;2
00001;522;1
00001;526;3
00001;527;2
00001;533;8
00001;593;1
00001;619;1
00001;737;1
00001;742;1
00001;789;1
00001;827;1
00001;835;1
00001;861;1
00001;875;5
00001;891;1
00001;921;2
00001;922;2
00001;1175;1
00001;1185;1
00001;1222;1
00002;169;1
00002;434;2
00002;454;1
00002;498;1
00002;499;1
00002;592;2
00002;875;3
00003;23;1
00003;40;1
00003;139;7
00003;190;1
00003;221;1
00003;246;1
00003;309;1
00003;311;2
00003;325;1
00003;345;1
00003;347;1
00003;356;1
00003;370;2
00003;374;1
00003;375;7
00003;439;1
00003;440;4
00003;454;5
00003;515;1
00003;520;1
00003;524;1
00003;526;2
00003;527;5
00003;533;1
00003;535;1
00003;560;1
00003;561;1
00003;571;1
00003;584;1
00003;604;2
00003;623;1
00003;633;8
00003;733;1
00003;742;2
00003;854;1
00003;856;6
00003;950;1
00003;967;1
00003;1144;4
00003;1161;1
00003;1172;1
00003;1175;1
00003;1196;2
00004;503;1
00004;538;1
00004;539;1
00004;540;1
00004;553;1
00004;604;8
00004;669;2
00004;711;7
00004;876;8
00005;23;6
00005;47;7
00005;50;1
00005;60;1
00005;114;2
00005;132;1
00005;135;1
00005;139;1
00005;151;8
00005;169;1
00005;189;1
00005;190;1
00005;197;1
00005;200;1
00005;226;1
00005;256;6
00005;265;1
00005;297;1
00005;298;1
00005;299;1
00005;311;1
00005;312;1
00005;325;3
00005;333;1
00005;343;2
00005;347;3
00005;349;1
00005;369;1
00005;370;5
00005;371;1
00005;374;8
00005;386;2
00005;392;1
00005;410;1
00005;420;1
00005;427;1
00005;428;1
00005;430;2
00005;434;1
00005;437;1
00005;439;8
00005;440;1
00005;441;1
00005;450;1
00005;461;5
00005;465;3
00005;478;1
00005;496;5
00005;497;6
00005;498;6
00005;499;7
00005;500;4
00005;501;1
00005;502;1
00005;503;7
00005;505;1
00005;511;3
00005;513;1
00005;516;2
00005;520;1
00005;524;2
00005;531;1
00005;533;6
00005;549;1
00005;553;2
00005;559;1
00005;561;1
00005;568;1
00005;590;1
00005;592;2
00005;593;8
00005;604;2
00005;605;1
00005;633;7
00005;669;1
00005;701;1
00005;702;1
00005;710;7
00005;711;2
00005;722;1
00005;724;2
00005;729;1
00005;731;2
00005;733;2
00005;750;1
00005;761;1
00005;763;1
00005;772;1
00005;779;1
00005;788;1
00005;805;6
00005;843;2
00005;845;1
00005;856;6
00005;857;1
00005;861;6
00005;864;1
00005;867;2
00005;875;8
00005;876;2
00005;888;2
00005;889;2
00005;895;5
00005;925;1
00005;935;1
00005;943;1
00005;944;1
00005;975;6
00005;980;5
00005;982;2
00005;990;2
00005;1000;2
00005;1019;1
00005;1038;1
00005;1040;1
00005;1064;6
00005;1076;1
00005;1080;1
00005;1088;1
00005;1091;1
00005;1092;2
00005;1093;2
00005;1098;1
00005;1144;5
00005;1156;1
00005;1175;4
00005;1185;1
00005;1188;1
00005;1196;1
00005;1223;1
00005;1226;1
00006;25;1
00006;31;8
00006;90;1
00006;195;1
00006;326;1
00006;370;2
00006;438;1
00006;440;1
00006;441;1
00006;503;5
00006;511;1
00006;586;1
00006;592;2
00006;593;1
00006;722;1
00006;731;1
00006;734;2
00006;805;1
00006;875;4
00006;922;1
00006;963;1
00006;975;2
00006;1092;1
00006;1093;2
00007;45;1
00007;53;1
00007;166;2
00007;171;1
00007;256;2
00007;370;1
00007;371;7
00007;386;1
00007;410;1
00007;439;2
00007;535;1
00007;623;6
00007;633;1
00007;634;1
00007;640;1
00007;669;1
00007;831;1
00007;853;1
00007;856;5
00007;857;1
00007;921;1
00007;1027;1
00007;1054;2
00007;1056;1
00007;1057;1
00007;1059;1
00007;1064;4
00007;1161;1
00008;23;6
00008;169;1
00008;322;1
00008;370;1
00008;386;1
00008;435;1
00008;439;2
00008;463;1
00008;496;1
00008;497;1
00008;498;1
00008;499;6
00008;503;1
00008;605;1
00008;683;6
00008;710;1
00008;750;1
00008;771;1
00008;867;1
00008;875;1
00008;944;1
00008;1125;6
00009;165;6
00009;174;1
00009;362;1
00009;370;1
00009;414;8
00009;443;1
00009;794;4
00009;992;2
00009;1040;1
00009;1115;3
00010;30;6
00010;126;2
00010;157;8
00010;170;5
00010;296;6
00010;301;1
00010;322;1
00010;370;2
00010;413;8
00010;443;4
00010;581;8
00010;676;7
00010;715;1
00010;722;1
00010;728;3
00010;758;1
00010;782;2
00010;835;1
00010;878;7
00010;941;1
00010;1115;7
00010;1215;1
00010;1218;7
00010;1234;1
00010;1239;3
00011;36;1
00011;46;1
00011;96;5
00011;186;1
00011;301;1
00011;428;3
00011;518;4
00011;649;1
00011;652;1
00011;659;1
00011;772;2
00011;796;8
00011;798;7
00011;799;1
00011;835;1
00011;837;1
00011;908;1
00011;909;8
00011;991;8
00011;1119;1
00011;1178;1
00011;1226;2
00012;70;7
00012;181;1
00012;443;5
00012;466;6
00012;755;1
00012;918;1
00012;1115;1
00013;156;6
00013;301;5
00013;314;8
00013;322;5
00013;370;1
00013;443;4
00013;462;2
00013;522;1
00013;643;1
00013;695;5
00013;715;1
00013;719;1
00013;722;1
00013;763;2
00013;764;1
00013;791;6
00013;822;1
00013;900;1
00013;902;3
00013;978;1
00013;1017;1
00013;1033;1
00013;1097;1
00013;1124;2
00014;5;2
00014;89;1
00014;92;1
00014;131;7
00014;135;1
00014;150;8
00014;156;1
00014;203;1
00014;232;1
00014;233;6
00014;234;5
00014;291;1
00014;297;1
00014;314;1
00014;319;1
00014;344;6
00014;345;5
00014;356;1
00014;367;5
00014;370;3
00014;379;1
00014;405;6
00014;413;1
00014;417;5
00014;419;2
00014;421;1
00014;424;1
00014;462;7
00014;465;4
00014;492;1
00014;584;2
00014;602;3
00014;616;5
00014;635;7
00014;662;1
00014;695;1
00014;719;2
00014;777;4
00014;791;7
00014;809;1
00014;815;8
00014;852;8
00014;889;1
00014;899;8
00014;930;2
00014;941;3
00014;1000;1
00014;1008;6
00014;1013;2
00014;1100;8
00014;1117;6
00014;1124;7
00014;1135;3
00014;1206;1
00014;1234;2
00015;17;1
00015;59;7
00015;63;1
00015;72;1
00015;91;1
00015;95;1
00015;97;1
00015;98;1
00015;99;6
00015;135;1
00015;149;3
00015;174;6
00015;197;2
00015;204;8
00015;205;7
00015;226;2
00015;232;1
00015;238;1
00015;266;8
00015;297;1
00015;301;7
00015;322;7
00015;339;7
00015;350;1
00015;354;1
00015;355;6
00015;364;5
00015;370;5
00015;385;8
00015;398;2
00015;408;1
00015;410;4
00015;413;1
00015;414;1
00015;420;1
00015;422;8
00015;423;7
00015;424;1
00015;426;1
00015;434;1
00015;443;8
00015;474;4
00015;545;6
00015;549;6
00015;550;1
00015;601;7
00015;603;2
00015;611;1
00015;642;2
00015;643;1
00015;657;1
00015;673;1
00015;690;6
00015;700;7
00015;720;8
00015;722;6
00015;724;1
00015;725;2
00015;729;1
00015;731;1
00015;735;1
00015;747;2
00015;752;7
00015;763;4
00015;764;2
00015;767;1
00015;792;1
00015;794;1
00015;816;1
00015;822;2
00015;833;1
00015;837;1
00015;844;2
00015;853;1
00015;854;3
00015;857;1
00015;863;2
00015;870;8
00015;875;1
00015;888;1
00015;889;1
00015;900;2
00015;944;3
00015;990;2
00015;993;1
00015;994;6
00015;1000;3
00015;1013;2
00015;1016;2
00015;1027;1
00015;1033;1
00015;1040;2
00015;1093;1
00015;1098;2
00015;1115;2
00015;1162;3
00015;1184;8
00015;1187;1
00015;1192;8
00015;1195;1
00015;1226;2
00015;1232;1
00015;1234;1
00015;1235;6
00016;5;1
00016;10;1
00016;17;1
00016;36;1
00016;41;2
00016;46;4
00016;69;2
00016;72;1
00016;89;8
00016;92;1
00016;95;8
00016;97;1
00016;98;1
00016;126;1
00016;129;5
00016;130;1
00016;132;1
00016;134;1
00016;135;3
00016;148;1
00016;150;1
00016;168;1
00016;181;3
00016;182;8
00016;186;7
00016;189;1
00016;197;1
00016;202;1
00016;205;1
00016;212;1
00016;225;1
00016;226;2
00016;238;2
00016;240;5
00016;255;1
00016;288;1
00016;290;1
00016;292;1
00016;297;1
00016;298;2
00016;301;8
00016;314;5
00016;320;1
00016;322;6
00016;330;1
00016;331;1
00016;333;2
00016;350;2
00016;357;1
00016;359;3
00016;364;6
00016;370;6
00016;376;6
00016;386;1
00016;396;8
00016;398;2
00016;413;1
00016;421;1
00016;424;4
00016;428;3
00016;434;1
00016;443;8
00016;462;1
00016;466;7
00016;468;6
00016;472;1
00016;473;1
00016;475;7
00016;478;2
00016;489;1
00016;490;1
00016;510;1
00016;512;1
00016;518;3
00016;522;4
00016;550;3
00016;553;1
00016;559;1
00016;581;1
00016;582;2
00016;586;1
00016;594;6
00016;615;1
00016;616;1
00016;641;4
00016;642;4
00016;643;2
00016;649;7
00016;656;1
00016;657;2
00016;658;2
00016;659;7
00016;660;2
00016;662;2
00016;673;1
00016;676;2
00016;708;1
00016;709;1
00016;711;1
00016;715;1
00016;719;2
00016;722;6
00016;723;1
00016;724;1
00016;725;1
00016;727;7
00016;729;1
00016;730;1
00016;731;2
00016;735;1
00016;755;3
00016;756;4
00016;758;1
00016;762;1
00016;763;4
00016;764;2
00016;767;1
00016;770;2
00016;772;7
00016;783;1
00016;791;2
00016;797;1
00016;799;8
00016;809;1
00016;810;1
00016;816;2
00016;822;2
00016;834;8
00016;835;1
00016;837;1
00016;844;2
00016;867;1
00016;870;1
00016;872;5
00016;875;1
00016;882;2
00016;888;2
00016;889;2
00016;893;1
00016;896;1
00016;901;5
00016;902;2
00016;919;1
00016;928;1
00016;932;1
00016;935;4
00016;937;2
00016;938;1
00016;941;1
00016;943;2
00016;944;2
00016;970;1
00016;974;1
00016;984;2
00016;990;1
00016;991;1
00016;993;6
00016;994;1
00016;1000;3
00016;1002;2
00016;1016;3
00016;1017;6
00016;1023;2
00016;1033;1
00016;1037;1
00016;1051;1
00016;1066;1
00016;1076;1
00016;1080;2
00016;1098;2
00016;1101;2
00016;1115;2
00016;1135;1
00016;1154;4
00016;1158;1
00016;1189;1
00016;1192;4
00016;1226;5
00016;1232;1
00016;1234;2
00017;49;7
00017;89;5
00017;101;1
00017;128;1
00017;132;1
00017;135;1
00017;153;2
00017;189;1
00017;233;1
00017;238;1
00017;297;1
00017;298;1
00017;301;2
00017;330;1
00017;333;1
00017;357;4
00017;359;4
00017;370;3
00017;428;3
00017;443;2
00017;450;1
00017;506;1
00017;643;2
00017;660;1
00017;662;5
00017;688;7
00017;722;1
00017;729;1
00017;730;2
00017;731;2
00017;735;2
00017;791;6
00017;810;6
00017;816;3
00017;837;1
00017;839;1
00017;845;1
00017;882;2
00017;889;2
00017;897;1
00017;937;1
00017;938;1
00017;941;2
00017;944;2
00017;1000;1
00017;1023;1
00017;1040;1
00017;1069;1
00017;1080;1
00017;1088;2
00017;1101;7
00017;1103;4
00017;1115;1
00017;1187;1
00017;1234;1
00018;129;7
00018;153;1
00018;205;5
00018;226;2
00018;364;1
00018;370;2
00018;414;2
00018;424;3
00018;443;1
00018;642;1
00018;656;2
00018;657;2
00018;658;2
00018;660;2
00018;725;3
00018;816;1
00018;935;2
00018;993;3
00018;994;1
00018;1016;4
00018;1162;2
00019;21;6
00019;49;1
00019;359;3
00019;370;2
00019;398;1
00019;432;6
00019;455;1
00019;487;8
00019;506;8
00019;618;8
00019;626;8
00019;672;7
00019;688;8
00019;693;8
00019;897;8
00019;936;1
00019;944;1
00019;1000;1
00019;1049;7
00019;1103;8
00019;1129;1
00019;1205;1
00020;126;6
00020;133;2
00020;153;2
00020;181;1
00020;207;7
00020;208;7
00020;220;7
00020;278;5
00020;283;2
00020;286;5
00020;287;5
00020;288;2
00020;290;5
00020;292;5
00020;370;2
00020;443;1
00020;538;7
00020;539;5
00020;540;8
00020;544;5
00020;604;1
00020;643;1
00020;711;4
00020;715;3
00020;731;1
00020;758;8
00020;767;1
00020;791;1
00020;823;8
00020;824;2
00020;882;2
00020;919;1
00020;924;8
00020;928;1
00020;944;1
00020;962;8
00020;970;2
00020;1066;8
00020;1080;1
00020;1115;8
00020;1168;8
00020;1189;1
00020;1213;8
00020;1215;8
00020;1234;2
00020;1239;4
00021;68;6
00021;97;2
00021;98;3
00021;181;1
00021;251;6
00021;413;1
00021;416;1
00021;434;1
00021;443;2
00021;551;1
00021;615;1
00021;676;1
00021;708;7
00021;709;8
00021;719;2
00021;722;1
00021;751;1
00021;756;1
00021;757;1
00021;932;1
00021;941;3
00021;1098;2
00021;1115;6
00021;1158;7
00021;1189;1
00022;13;8
00022;39;3
00022;67;1
00022;69;1
00022;104;1
00022;130;8
00022;189;1
00022;197;1
00022;221;1
00022;226;1
00022;237;2
00022;247;1
00022;258;7
00022;262;6
00022;276;8
00022;322;1
00022;325;1
00022;333;1
00022;342;2
00022;343;2
00022;350;1
00022;365;1
00022;370;4
00022;392;1
00022;431;5
00022;464;1
00022;465;1
00022;473;5
00022;478;5
00022;503;3
00022;510;2
00022;512;2
00022;514;2
00022;586;1
00022;590;2
00022;654;2
00022;671;3
00022;682;1
00022;692;8
00022;704;5
00022;713;1
00022;729;1
00022;731;2
00022;735;1
00022;764;6
00022;774;2
00022;788;3
00022;843;3
00022;845;2
00022;871;2
00022;880;4
00022;881;3
00022;882;2
00022;888;2
00022;898;7
00022;908;4
00022;942;1
00022;946;1
00022;968;1
00022;1000;2
00022;1033;1
00022;1040;1
00022;1083;6
00022;1093;1
00022;1114;3
00022;1144;1
00022;1156;4
00022;1166;2
00022;1194;5
00022;1195;1
00023;9;7
00023;10;7
00023;11;2
00023;12;7
00023;34;8
00023;42;8
00023;99;5
00023;162;1
00023;163;1
00023;167;1
00023;198;1
00023;248;1
00023;285;1
00023;322;2
00023;350;2
00023;370;3
00023;426;7
00023;434;6
00023;464;1
00023;509;8
00023;541;8
00023;582;2
00023;583;1
00023;598;2
00023;716;3
00023;780;1
00023;859;5
00023;883;1
00023;888;3
00023;979;8
00023;984;2
00023;1096;2
00023;1114;8
00023;1156;1
00023;1163;1
00024;32;2
00024;72;1
00024;199;1
00024;207;1
00024;210;6
00024;240;1
00024;254;5
00024;331;1
00024;370;1
00024;377;1
00024;411;1
00024;477;1
00024;492;1
00024;522;1
00024;552;2
00024;559;1
00024;611;2
00024;647;8
00024;677;1
00024;724;2
00024;763;1
00024;858;1
00024;913;8
00024;915;6
00024;926;6
00024;934;1
00024;1000;1
00024;1031;3
00024;1109;8
00024;1195;5
00024;1232;1
00025;72;6
00025;74;4
00025;83;3
00025;84;2
00025;106;4
00025;112;1
00025;120;3
00025;141;1
00025;162;2
00025;172;1
00025;198;4
00025;221;1
00025;276;1
00025;370;2
00025;390;1
00025;392;1
00025;411;5
00025;415;1
00025;425;1
00025;431;8
00025;432;2
00025;464;1
00025;465;4
00025;503;5
00025;505;1
00025;530;1
00025;550;1
00025;559;1
00025;566;1
00025;568;1
00025;569;3
00025;622;1
00025;647;7
00025;855;1
00025;858;5
00025;875;1
00025;880;2
00025;881;3
00025;891;1
00025;913;8
00025;915;1
00025;926;6
00025;949;1
00025;977;1
00025;1027;1
00025;1031;1
00025;1083;1
00025;1156;2
00025;1194;5
00025;1195;5
00025;1210;1
00026;74;2
00026;104;7
00026;199;8
00026;221;1
00026;281;8
00026;285;6
00026;328;5
00026;333;1
00026;342;4
00026;343;2
00026;370;1
00026;392;1
00026;431;8
00026;434;1
00026;442;2
00026;465;1
00026;485;1
00026;488;1
00026;490;1
00026;610;7
00026;617;8
00026;665;5
00026;713;1
00026;774;2
00026;807;6
00026;855;1
00026;881;3
00026;942;3
00026;1061;8
00026;1144;8
00026;1166;6
00026;1194;5
00026;1195;1
00027;98;4
00027;179;1
00027;599;8
00027;756;2
00027;858;1
00027;905;7
00027;912;1
00027;913;2
00027;1000;1
00027;1083;1
00027;1096;2
00028;134;1
00028;135;3
00028;136;1
00028;215;5
00028;274;1
00028;300;2
00028;322;2
00028;331;1
00028;333;1
00028;343;1
00028;351;6
00028;352;6
00028;370;5
00028;392;1
00028;398;1
00028;465;1
00028;467;1
00028;477;6
00028;510;1
00028;550;1
00028;559;1
00028;586;1
00028;611;1
00028;665;1
00028;722;4
00028;724;3
00028;729;1
00028;735;1
00028;759;5
00028;763;3
00028;822;6
00028;832;1
00028;837;1
00028;875;1
00028;882;2
00028;913;1
00028;937;1
00028;942;2
00028;944;1
00028;969;1
00028;990;2
00028;1000;4
00028;1033;3
00028;1040;3
00028;1083;5
00028;1093;3
00028;1187;1
00028;1192;3
00028;1222;1
00028;1226;1
00028;1234;3
00029;15;4
00029;100;1
00029;215;7
00029;274;8
00029;300;7
00029;322;8
00029;333;2
00029;343;1
00029;350;2
00029;351;7
00029;352;7
00029;353;6
00029;370;5
00029;385;1
00029;392;1
00029;434;1
00029;442;1
00029;477;4
00029;510;1
00029;553;1
00029;687;1
00029;714;3
00029;722;4
00029;724;3
00029;729;1
00029;759;7
00029;763;4
00029;764;1
00029;788;1
00029;822;3
00029;832;7
00029;837;1
00029;875;1
00029;937;1
00029;942;2
00029;944;4
00029;1000;1
00029;1033;1
00029;1040;2
00029;1083;2
00029;1093;1
00029;1184;1
00029;1192;6
00029;1234;3
00030;117;2
00030;328;2
00030;332;1
00030;433;7
00030;492;1
00030;557;2
00030;586;6
00030;687;1
00030;775;1
00030;880;6
00030;881;1
00030;911;7
00030;942;2
00030;1001;2
00030;1084;1
00030;1224;6
00030;1234;1
00031;43;8
00031;69;1
00031;127;5
00031;128;1
00031;136;3
00031;145;2
00031;168;2
00031;189;5
00031;213;1
00031;226;6
00031;239;8
00031;272;1
00031;330;4
00031;331;2
00031;332;8
00031;359;1
00031;370;4
00031;389;1
00031;433;8
00031;448;7
00031;467;8
00031;512;1
00031;550;1
00031;551;2
00031;557;8
00031;586;8
00031;620;2
00031;628;3
00031;651;7
00031;701;2
00031;722;2
00031;724;1
00031;729;2
00031;735;1
00031;760;8
00031;762;1
00031;764;1
00031;839;6
00031;845;8
00031;882;5
00031;937;2
00031;938;6
00031;940;2
00031;942;4
00031;944;1
00031;999;8
00031;1000;2
00031;1020;7
00031;1022;7
00031;1036;6
00031;1040;4
00031;1084;8
00031;1093;2
00031;1187;2
00031;1224;4
00031;1232;1
00031;1233;8
00031;1234;3
00032;43;1
00032;127;1
00032;128;1
00032;181;1
00032;184;8
00032;189;2
00032;212;2
00032;226;1
00032;239;2
00032;315;1
00032;330;1
00032;331;1
00032;370;1
00032;389;5
00032;433;5
00032;467;1
00032;473;1
00032;489;1
00032;506;1
00032;586;3
00032;722;6
00032;735;1
00032;764;1
00032;882;1
00032;937;1
00032;999;1
00032;1040;2
00032;1093;1
00032;1220;1
00032;1234;2
00033;37;2
00033;65;1
00033;91;8
00033;94;6
00033;96;1
00033;210;6
00033;225;3
00033;297;1
00033;359;3
00033;370;6
00033;403;7
00033;404;2
00033;413;2
00033;465;8
00033;515;1
00033;612;8
00033;637;6
00033;638;6
00033;663;1
00033;719;1
00033;721;8
00033;731;1
00033;763;2
00033;764;2
00033;773;1
00033;793;1
00033;795;1
00033;797;5
00033;811;8
00033;818;6
00033;822;1
00033;825;8
00033;846;1
00033;882;1
00033;888;3
00033;889;2
00033;916;8
00033;920;7
00033;927;6
00033;978;4
00033;981;1
00033;995;5
00033;996;8
00033;1000;1
00033;1023;1
00033;1052;8
00033;1072;1
00033;1098;1
00033;1105;8
00033;1113;8
00033;1122;5
00033;1123;4
00033;1183;6
00033;1186;7
00033;1189;2
00033;1215;1
00033;1234;7
00034;37;8
00034;65;7
00034;76;2
00034;77;1
00034;94;2
00034;135;1
00034;225;2
00034;235;1
00034;236;1
00034;247;1
00034;261;7
00034;277;1
00034;297;1
00034;359;1
00034;403;7
00034;404;8
00034;465;8
00034;471;7
00034;552;1
00034;627;1
00034;637;8
00034;638;8
00034;721;8
00034;773;6
00034;795;8
00034;817;8
00034;818;1
00034;825;1
00034;846;8
00034;916;7
00034;933;1
00034;941;1
00034;944;1
00034;995;8
00034;1000;1
00034;1023;1
00034;1052;2
00034;1186;1
00034;1234;1
00035;32;1
00035;120;1
00035;210;8
00035;811;4
00035;825;1
00035;888;1
00035;913;4
00035;915;5
00035;920;1
00035;926;1
00035;948;1
00035;1105;1
00035;1109;8
00035;1119;1
00036;66;1
00036;325;1
00036;370;2
00036;403;2
00036;612;5
00036;721;1
00036;722;6
00036;724;1
00036;1052;6
00037;3;6
00037;4;1
00037;28;5
00037;33;8
00037;35;7
00037;38;8
00037;65;2
00037;71;4
00037;76;3
00037;116;1
00037;119;1
00037;120;7
00037;131;8
00037;148;1
00037;150;1
00037;158;8
00037;175;8
00037;203;7
00037;220;1
00037;225;8
00037;231;3
00037;233;1
00037;234;8
00037;238;2
00037;247;6
00037;280;6
00037;291;1
00037;294;1
00037;318;8
00037;319;5
00037;333;4
00037;334;2
00037;342;1
00037;345;1
00037;370;3
00037;378;7
00037;379;8
00037;380;8
00037;392;1
00037;403;1
00037;428;2
00037;433;1
00037;443;1
00037;465;8
00037;470;6
00037;476;6
00037;482;8
00037;483;8
00037;491;8
00037;492;8
00037;510;1
00037;512;1
00037;514;1
00037;596;1
00037;600;8
00037;627;5
00037;671;1
00037;697;8
00037;711;1
00037;712;7
00037;717;8
00037;721;1
00037;731;2
00037;774;3
00037;776;1
00037;815;8
00037;817;7
00037;818;1
00037;831;7
00037;835;7
00037;849;8
00037;866;4
00037;871;3
00037;877;8
00037;888;1
00037;930;7
00037;933;4
00037;941;1
00037;942;5
00037;944;1
00037;946;8
00037;991;7
00037;1008;8
00037;1011;3
00037;1014;8
00037;1028;8
00037;1080;1
00037;1126;8
00037;1128;7
00037;1130;1
00037;1131;6
00037;1133;8
00037;1135;3
00037;1174;7
00037;1176;8
00037;1178;7
00037;1182;7
00037;1234;6
00038;14;7
00038;76;1
00038;117;2
00038;142;1
00038;252;1
00038;360;7
00038;370;1
00038;390;8
00038;392;1
00038;444;1
00038;465;6
00038;503;1
00038;505;1
00038;510;1
00038;572;1
00038;573;1
00038;621;1
00038;622;2
00038;627;1
00038;634;6
00038;644;5
00038;646;2
00038;666;2
00038;702;2
00038;729;1
00038;776;1
00038;786;1
00038;856;1
00038;862;1
00038;866;1
00038;873;3
00038;881;1
00038;882;2
00038;888;1
00038;971;6
00038;990;2
00038;1001;1
00038;1024;2
00038;1027;1
00038;1029;1
00038;1059;1
00038;1066;1
00038;1068;7
00038;1072;1
00038;1075;1
00038;1130;7
00038;1136;7
00038;1140;6
00038;1146;2
00038;1148;2
00038;1160;2
00038;1230;1
00038;1234;4
00039;3;1
00039;67;1
00039;74;1
00039;76;1
00039;83;6
00039;84;1
00039;85;7
00039;102;1
00039;107;1
00039;108;2
00039;112;2
00039;135;1
00039;143;1
00039;216;7
00039;217;7
00039;218;7
00039;219;7
00039;221;7
00039;222;6
00039;225;8
00039;226;1
00039;230;3
00039;233;1
00039;235;7
00039;236;7
00039;244;1
00039;248;1
00039;249;6
00039;252;3
00039;254;2
00039;263;3
00039;276;1
00039;277;7
00039;289;6
00039;293;6
00039;297;1
00039;301;1
00039;304;6
00039;306;1
00039;307;2
00039;308;2
00039;338;7
00039;342;2
00039;343;2
00039;356;3
00039;360;1
00039;365;1
00039;366;1
00039;370;1
00039;392;1
00039;404;2
00039;407;7
00039;412;4
00039;420;6
00039;433;3
00039;453;1
00039;465;2
00039;470;6
00039;488;2
00039;490;1
00039;494;2
00039;503;1
00039;505;3
00039;508;2
00039;510;2
00039;529;3
00039;530;1
00039;532;1
00039;534;2
00039;535;1
00039;553;4
00039;560;7
00039;563;2
00039;564;2
00039;565;1
00039;566;1
00039;567;2
00039;568;1
00039;569;1
00039;570;2
00039;571;2
00039;572;1
00039;573;3
00039;576;1
00039;584;6
00039;586;1
00039;608;2
00039;610;1
00039;619;6
00039;621;1
00039;622;2
00039;627;1
00039;639;7
00039;645;5
00039;646;2
00039;647;1
00039;652;1
00039;654;6
00039;702;2
00039;716;3
00039;729;1
00039;738;2
00039;739;2
00039;740;2
00039;744;1
00039;746;2
00039;749;1
00039;776;1
00039;777;2
00039;786;2
00039;845;1
00039;849;1
00039;851;6
00039;862;1
00039;869;3
00039;873;6
00039;881;2
00039;882;2
00039;888;1
00039;889;1
00039;892;1
00039;902;1
00039;918;2
00039;942;1
00039;944;1
00039;949;3
00039;966;3
00039;971;7
00039;990;2
00039;1001;2
00039;1026;1
00039;1027;2
00039;1029;2
00039;1044;1
00039;1066;1
00039;1070;1
00039;1072;1
00039;1076;1
00039;1096;1
00039;1127;3
00039;1135;1
00039;1136;1
00039;1137;6
00039;1139;7
00039;1140;1
00039;1141;6
00039;1146;2
00039;1148;2
00039;1160;1
00039;1161;1
00039;1185;1
00039;1194;1
00039;1209;1
00039;1210;1
00039;1211;3
00039;1222;1
00039;1224;1
00039;1225;5
00039;1230;3
00039;1234;5
00039;1236;1
00039;1238;2
00040;2;1
00040;3;7
00040;4;7
00040;5;1
00040;9;1
00040;10;1
00040;17;1
00040;28;7
00040;32;1
00040;35;1
00040;76;1
00040;77;6
00040;95;4
00040;103;1
00040;105;1
00040;108;1
00040;109;2
00040;112;1
00040;115;1
00040;116;6
00040;119;2
00040;120;1
00040;132;1
00040;142;1
00040;144;1
00040;150;3
00040;151;2
00040;169;1
00040;173;1
00040;189;1
00040;198;1
00040;210;1
00040;225;7
00040;231;7
00040;233;8
00040;235;1
00040;236;1
00040;240;4
00040;248;1
00040;249;1
00040;252;3
00040;254;6
00040;261;1
00040;263;1
00040;277;6
00040;279;1
00040;289;1
00040;291;1
00040;293;2
00040;294;3
00040;297;1
00040;298;1
00040;304;1
00040;308;1
00040;333;1
00040;338;1
00040;344;2
00040;345;1
00040;351;1
00040;352;1
00040;370;2
00040;392;1
00040;404;7
00040;405;7
00040;407;1
00040;413;1
00040;417;3
00040;420;3
00040;434;1
00040;465;8
00040;478;1
00040;479;5
00040;508;2
00040;510;1
00040;515;1
00040;526;1
00040;529;1
00040;532;1
00040;535;1
00040;553;1
00040;560;2
00040;571;1
00040;572;1
00040;573;2
00040;576;1
00040;583;1
00040;613;1
00040;616;1
00040;619;1
00040;645;1
00040;646;1
00040;654;1
00040;673;1
00040;677;1
00040;731;1
00040;735;1
00040;763;1
00040;780;1
00040;785;7
00040;786;7
00040;815;6
00040;849;1
00040;851;1
00040;852;1
00040;869;1
00040;882;1
00040;888;1
00040;899;4
00040;931;1
00040;941;4
00040;942;1
00040;949;1
00040;954;2
00040;956;1
00040;959;1
00040;1000;1
00040;1008;7
00040;1024;1
00040;1027;1
00040;1029;1
00040;1052;2
00040;1080;2
00040;1100;6
00040;1105;2
00040;1109;1
00040;1117;6
00040;1124;5
00040;1126;1
00040;1127;3
00040;1128;1
00040;1130;1
00040;1131;2
00040;1132;1
00040;1133;2
00040;1135;6
00040;1137;5
00040;1139;5
00040;1141;4
00040;1146;1
00040;1148;1
00040;1160;2
00040;1161;1
00040;1192;1
00040;1193;5
00040;1230;4
00040;1234;8
00041;46;1
00041;296;1
00041;301;1
00041;322;1
00041;370;1
00041;392;1
00041;603;7
00041;941;1
00041;998;2
00041;1106;8
00041;1107;8
00041;1108;8
00041;1115;6
00041;1184;1
00041;1190;8
00042;5;1
00042;46;1
00042;57;8
00042;92;7
00042;135;1
00042;209;8
00042;245;3
00042;297;1
00042;301;5
00042;314;1
00042;317;8
00042;322;1
00042;337;6
00042;339;1
00042;370;2
00042;416;7
00042;434;1
00042;443;6
00042;489;1
00042;505;7
00042;509;1
00042;550;1
00042;585;8
00042;586;1
00042;601;1
00042;695;8
00042;719;1
00042;722;2
00042;724;1
00042;731;1
00042;763;1
00042;764;1
00042;770;1
00042;822;1
00042;837;1
00042;888;1
00042;931;3
00042;944;1
00042;1000;1
00042;1033;1
00042;1040;1
00042;1085;3
00042;1093;1
00042;1187;1
00042;1192;1
00042;1232;1
00042;1234;2
00043;3;1
00043;4;1
00043;28;1
00043;54;5
00043;65;1
00043;66;7
00043;91;1
00043;94;1
00043;119;3
00043;124;6
00043;125;8
00043;135;1
00043;137;2
00043;140;8
00043;147;1
00043;172;8
00043;173;5
00043;199;1
00043;221;1
00043;261;2
00043;294;1
00043;301;1
00043;302;2
00043;303;5
00043;307;1
00043;308;1
00043;311;1
00043;324;1
00043;334;1
00043;361;1
00043;370;5
00043;386;1
00043;392;2
00043;404;1
00043;418;7
00043;430;1
00043;440;8
00043;441;8
00043;461;4
00043;471;1
00043;484;2
00043;490;1
00043;493;1
00043;504;8
00043;505;1
00043;522;2
00043;526;2
00043;527;1
00043;560;1
00043;562;1
00043;563;1
00043;568;8
00043;570;1
00043;571;1
00043;575;1
00043;636;1
00043;655;1
00043;693;1
00043;694;1
00043;707;1
00043;714;2
00043;733;1
00043;737;1
00043;741;1
00043;758;1
00043;793;1
00043;795;1
00043;817;1
00043;818;1
00043;864;1
00043;889;1
00043;891;2
00043;913;1
00043;916;1
00043;918;3
00043;921;4
00043;944;1
00043;958;3
00043;960;8
00043;966;2
00043;967;2
00043;975;2
00043;982;1
00043;997;1
00043;1000;2
00043;1080;1
00043;1093;1
00043;1094;1
00043;1121;1
00043;1156;1
00043;1167;2
00043;1172;2
00043;1184;1
00043;1185;1
00043;1199;3
00043;1200;6
00043;1209;1
00043;1216;1
00044;44;8
00044;45;1
00044;53;8
00044;67;5
00044;72;6
00044;74;8
00044;83;2
00044;84;5
00044;106;2
00044;108;1
00044;118;1
00044;121;1
00044;122;2
00044;124;8
00044;125;1
00044;135;1
00044;138;2
00044;142;1
00044;143;7
00044;154;7
00044;166;1
00044;171;7
00044;172;1
00044;190;8
00044;235;5
00044;236;6
00044;242;5
00044;243;5
00044;244;6
00044;257;2
00044;264;4
00044;269;7
00044;276;1
00044;297;1
00044;310;1
00044;312;8
00044;325;4
00044;336;5
00044;360;2
00044;370;1
00044;371;1
00044;381;1
00044;386;7
00044;390;7
00044;392;1
00044;399;5
00044;409;1
00044;411;8
00044;415;5
00044;430;2
00044;435;1
00044;436;6
00044;453;8
00044;465;1
00044;493;2
00044;495;8
00044;503;1
00044;504;8
00044;523;2
00044;528;7
00044;538;1
00044;548;8
00044;561;7
00044;563;1
00044;566;8
00044;567;8
00044;568;8
00044;569;6
00044;570;4
00044;572;4
00044;574;8
00044;575;8
00044;576;1
00044;590;1
00044;608;1
00044;621;8
00044;622;8
00044;623;8
00044;624;7
00044;625;8
00044;634;8
00044;636;8
00044;645;2
00044;647;6
00044;655;8
00044;666;5
00044;691;8
00044;702;8
00044;737;8
00044;743;8
00044;747;1
00044;750;8
00044;765;8
00044;766;8
00044;767;1
00044;786;8
00044;840;8
00044;841;3
00044;847;8
00044;850;8
00044;856;1
00044;858;6
00044;862;1
00044;873;8
00044;875;1
00044;951;8
00044;953;8
00044;961;1
00044;967;8
00044;971;6
00044;973;8
00044;1024;8
00044;1029;8
00044;1030;8
00044;1053;8
00044;1054;1
00044;1055;8
00044;1057;4
00044;1059;8
00044;1070;1
00044;1072;6
00044;1130;2
00044;1136;1
00044;1139;1
00044;1142;3
00044;1144;1
00044;1146;5
00044;1148;7
00044;1156;6
00044;1157;1
00044;1160;7
00044;1185;7
00044;1196;1
00044;1201;8
00044;1202;8
00044;1210;1
00044;1212;1
00044;1222;8
00044;1230;6
00044;1231;3
00045;278;1
00045;283;1
00045;286;1
00045;287;2
00045;288;1
00045;289;5
00045;290;3
00045;292;5
00045;293;5
00045;338;6
00045;538;5
00045;540;1
00045;715;1
00045;758;2
00045;803;7
00045;919;7
00045;924;7
00045;1050;1
00045;1159;8
00045;1168;1
00046;51;8
00046;53;8
00046;370;1
00046;410;2
00046;430;1
00046;500;1
00046;503;7
00046;516;5
00046;553;3
00046;568;1
00046;623;1
00046;702;7
00046;737;8
00046;854;4
00046;856;5
00046;857;2
00046;1196;1
00046;1212;5
00047;15;2
00047;57;1
00047;92;6
00047;118;1
00047;121;1
00047;125;1
00047;163;8
00047;165;2
00047;172;3
00047;183;1
00047;208;1
00047;209;6
00047;245;1
00047;259;1
00047;278;1
00047;279;1
00047;283;1
00047;286;1
00047;287;1
00047;295;6
00047;296;1
00047;301;4
00047;302;1
00047;317;6
00047;337;1
00047;361;1
00047;370;1
00047;406;7
00047;416;1
00047;436;1
00047;505;7
00047;508;5
00047;525;1
00047;585;6
00047;613;5
00047;684;8
00047;694;7
00047;695;5
00047;707;2
00047;781;1
00047;862;1
00047;868;1
00047;906;7
00047;928;1
00047;931;1
00047;971;1
00047;998;2
00047;1000;2
00047;1013;1
00047;1058;6
00047;1075;1
00047;1106;1
00047;1107;1
00047;1108;1
00047;1129;1
00047;1132;1
00047;1165;8
00047;1192;1
00047;1194;1
00047;1206;1
00048;44;2
00048;72;1
00048;74;1
00048;124;6
00048;143;2
00048;154;8
00048;190;1
00048;257;2
00048;312;1
00048;336;8
00048;386;1
00048;422;1
00048;436;8
00048;453;8
00048;493;2
00048;495;6
00048;523;6
00048;548;6
00048;566;1
00048;568;8
00048;576;8
00048;691;1
00048;765;1
00048;766;1
00048;786;1
00048;850;8
00048;967;2
00048;1142;6
00048;1201;1
00048;1231;7
00049;72;1
00049;84;1
00049;138;8
00049;143;8
00049;230;6
00049;313;8
00049;370;1
00049;392;2
00049;393;6
00049;430;1
00049;436;8
00049;440;1
00049;465;1
00049;493;8
00049;503;1
00049;504;7
00049;505;1
00049;523;6
00049;530;1
00049;553;1
00049;562;6
00049;563;6
00049;566;1
00049;568;6
00049;570;2
00049;586;1
00049;608;1
00049;624;8
00049;625;6
00049;691;6
00049;726;1
00049;743;6
00049;749;2
00049;953;7
00049;972;8
00049;1198;8
00050;44;1
00050;259;8
00050;309;1
00050;347;1
00050;435;8
00050;440;2
00050;495;8
00050;505;1
00050;543;1
00050;548;8
00050;568;2
00050;570;1
00050;575;1
00050;601;1
00050;634;1
00050;829;1
00050;848;8
00050;953;7
00050;961;8
00050;973;5
00050;1058;1
00050;1156;5
00050;1157;8
00050;1159;5
00050;1160;1
00051;1;1
00051;11;1
00051;14;1
00051;18;4
00051;19;4
00051;26;7
00051;44;4
00051;51;1
00051;55;1
00051;62;1
00051;63;1
00051;66;1
00051;67;5
00051;72;5
00051;83;1
00051;84;5
00051;85;8
00051;102;2
00051;107;4
00051;108;1
00051;112;7
00051;114;6
00051;122;8
00051;124;2
00051;135;1
00051;137;7
00051;141;8
00051;142;7
00051;177;1
00051;190;1
00051;191;6
00051;196;2
00051;200;1
00051;201;8
00051;214;8
00051;216;1
00051;217;1
00051;218;1
00051;219;1
00051;221;1
00051;222;1
00051;225;8
00051;230;1
00051;235;7
00051;236;6
00051;245;1
00051;249;8
00051;252;1
00051;254;5
00051;263;1
00051;264;2
00051;270;7
00051;276;1
00051;277;5
00051;279;3
00051;281;2
00051;289;1
00051;297;2
00051;302;7
00051;303;7
00051;304;7
00051;305;7
00051;306;8
00051;307;3
00051;308;5
00051;311;1
00051;322;1
00051;325;5
00051;333;3
00051;337;2
00051;343;1
00051;345;1
00051;355;1
00051;360;3
00051;365;6
00051;366;5
00051;370;5
00051;382;1
00051;383;4
00051;386;7
00051;391;2
00051;392;6
00051;400;6
00051;402;1
00051;407;7
00051;415;3
00051;417;2
00051;418;5
00051;419;5
00051;430;3
00051;435;1
00051;437;1
00051;440;1
00051;442;7
00051;444;8
00051;445;8
00051;465;7
00051;481;8
00051;484;6
00051;488;1
00051;490;8
00051;493;2
00051;494;7
00051;495;1
00051;498;6
00051;501;7
00051;502;1
00051;503;2
00051;504;8
00051;505;1
00051;510;1
00051;511;3
00051;517;2
00051;521;4
00051;526;1
00051;528;6
00051;529;6
00051;530;6
00051;531;6
00051;532;7
00051;534;6
00051;535;8
00051;548;1
00051;553;6
00051;560;8
00051;562;3
00051;563;6
00051;564;8
00051;565;8
00051;566;7
00051;568;7
00051;569;8
00051;570;7
00051;571;1
00051;572;8
00051;573;8
00051;574;8
00051;575;8
00051;576;1
00051;589;1
00051;590;2
00051;605;6
00051;608;7
00051;625;1
00051;627;1
00051;636;3
00051;639;2
00051;643;1
00051;646;8
00051;675;2
00051;681;6
00051;685;8
00051;707;1
00051;726;8
00051;733;1
00051;737;1
00051;738;8
00051;739;8
00051;740;8
00051;741;8
00051;744;8
00051;745;1
00051;746;8
00051;747;1
00051;748;8
00051;749;8
00051;779;2
00051;789;5
00051;790;1
00051;793;1
00051;827;8
00051;828;1
00051;829;6
00051;847;1
00051;852;1
00051;856;2
00051;857;1
00051;858;1
00051;861;1
00051;864;5
00051;865;2
00051;866;1
00051;868;1
00051;869;6
00051;875;1
00051;881;1
00051;889;1
00051;891;2
00051;892;7
00051;905;1
00051;918;8
00051;921;8
00051;925;2
00051;926;1
00051;933;1
00051;936;1
00051;949;8
00051;950;8
00051;954;5
00051;956;2
00051;957;8
00051;958;6
00051;966;7
00051;990;1
00051;991;1
00051;1001;1
00051;1024;4
00051;1026;8
00051;1027;1
00051;1044;6
00051;1057;1
00051;1065;1
00051;1070;2
00051;1074;3
00051;1076;8
00051;1079;1
00051;1091;2
00051;1120;5
00051;1127;1
00051;1135;1
00051;1137;1
00051;1139;1
00051;1141;1
00051;1156;6
00051;1167;7
00051;1196;5
00051;1198;1
00051;1199;1
00051;1200;7
00051;1202;1
00051;1203;7
00051;1204;7
00051;1207;7
00051;1208;8
00051;1209;8
00051;1210;5
00051;1211;7
00051;1212;7
00051;1234;2
00051;1236;7
00051;1238;5
00052;406;8
00052;505;1
00053;1;1
00053;11;2
00053;55;1
00053;81;1
00053;160;1
00053;188;1
00053;223;1
00053;228;1
00053;347;2
00053;370;1
00053;401;5
00053;432;6
00053;447;6
00053;505;1
00053;509;1
00053;577;3
00053;590;2
00053;767;2
00053;917;1
00053;987;7
00053;1170;4
00053;1228;3
00053;1229;3
00054;11;8
00054;23;1
00054;55;2
00054;187;3
00054;206;1
00054;211;8
00054;223;6
00054;228;8
00054;229;8
00054;333;2
00054;341;3
00054;347;3
00054;358;8
00054;369;6
00054;382;8
00054;394;5
00054;401;5
00054;402;7
00054;432;8
00054;485;6
00054;488;5
00054;505;2
00054;513;3
00054;547;1
00054;550;1
00054;552;2
00054;577;4
00054;590;2
00054;607;1
00054;613;1
00054;626;2
00054;631;7
00054;632;6
00054;716;3
00054;767;2
00054;771;1
00054;790;1
00054;793;1
00054;806;1
00054;812;7
00054;819;8
00054;860;2
00054;904;7
00054;905;1
00054;917;5
00054;941;2
00054;964;8
00054;990;2
00054;1003;2
00054;1005;7
00054;1007;7
00054;1013;2
00054;1048;7
00054;1060;8
00054;1099;1
00054;1134;6
00054;1163;7
00054;1164;4
00054;1169;7
00054;1171;1
00054;1192;1
00054;1237;1
00055;70;1
00055;232;2
00055;305;1
00055;347;1
00055;358;2
00055;391;4
00055;430;1
00055;432;7
00055;463;2
00055;505;2
00055;521;8
00055;530;7
00055;640;2
00055;675;1
00055;749;1
00055;779;2
00055;820;6
00055;828;4
00055;847;1
00055;890;2
00055;1056;1
00055;1070;2
00055;1156;1
00055;1205;4
00056;55;1
00056;89;2
00056;123;1
00056;135;1
00056;181;4
00056;185;2
00056;212;4
00056;288;2
00056;290;2
00056;292;2
00056;414;1
00056;424;1
00056;432;1
00056;443;1
00056;450;2
00056;758;1
00056;767;8
00056;783;1
00056;794;1
00056;919;1
00056;924;1
00056;925;1
00056;928;1
00056;970;1
00056;972;1
00056;1066;1
00056;1091;3
00056;1093;1
00056;1102;1
00056;1115;1
00056;1234;1
00056;1239;1
00057;1;7
00057;6;1
00057;8;1
00057;11;1
00057;62;1
00057;79;1
00057;80;1
00057;81;1
00057;160;2
00057;177;1
00057;178;3
00057;188;2
00057;200;1
00057;223;6
00057;228;1
00057;282;3
00057;346;5
00057;369;1
00057;370;3
00057;394;5
00057;397;1
00057;415;1
00057;432;5
00057;447;1
00057;513;1
00057;577;1
00057;588;6
00057;590;8
00057;668;1
00057;778;4
00057;784;1
00057;790;6
00057;812;2
00057;833;1
00057;860;4
00057;865;4
00057;890;2
00057;905;4
00057;983;5
00057;986;4
00057;987;5
00057;988;6
00057;989;2
00057;1086;1
00057;1090;1
00057;1091;2
00057;1095;4
00057;1170;2
00057;1171;2
00057;1173;4
00057;1203;2
00058;1;8
00058;6;8
00058;7;8
00058;43;1
00058;48;2
00058;55;5
00058;60;1
00058;62;6
00058;63;4
00058;80;7
00058;81;2
00058;82;5
00058;102;1
00058;111;1
00058;160;8
00058;164;1
00058;178;7
00058;179;4
00058;187;5
00058;188;6
00058;200;3
00058;223;7
00058;228;5
00058;229;5
00058;271;5
00058;282;2
00058;335;2
00058;346;7
00058;347;6
00058;366;1
00058;369;6
00058;370;2
00058;384;1
00058;392;1
00058;394;6
00058;397;1
00058;402;1
00058;415;2
00058;427;1
00058;429;1
00058;432;7
00058;447;7
00058;457;1
00058;463;1
00058;485;1
00058;505;4
00058;511;1
00058;513;3
00058;517;1
00058;550;1
00058;577;7
00058;588;7
00058;589;4
00058;590;8
00058;591;8
00058;609;1
00058;614;6
00058;631;5
00058;668;4
00058;748;1
00058;749;1
00058;769;5
00058;778;7
00058;784;3
00058;790;8
00058;805;1
00058;812;7
00058;820;1
00058;860;8
00058;865;7
00058;874;5
00058;890;7
00058;903;2
00058;905;6
00058;912;1
00058;917;6
00058;964;1
00058;983;8
00058;986;8
00058;987;8
00058;988;8
00058;989;8
00058;990;1
00058;1005;1
00058;1025;2
00058;1077;6
00058;1086;1
00058;1090;1
00058;1091;2
00058;1134;2
00058;1170;7
00058;1171;6
00058;1173;8
00058;1228;1
00058;1234;1
00059;1;2
00059;6;1
00059;11;1
00059;18;2
00059;45;1
00059;48;4
00059;55;8
00059;62;2
00059;63;2
00059;67;1
00059;79;1
00059;80;2
00059;81;3
00059;84;4
00059;102;5
00059;107;4
00059;110;1
00059;111;1
00059;122;2
00059;160;2
00059;164;1
00059;166;2
00059;177;1
00059;179;1
00059;187;2
00059;188;1
00059;191;4
00059;200;1
00059;214;5
00059;223;8
00059;228;5
00059;229;7
00059;245;1
00059;275;3
00059;279;5
00059;281;1
00059;284;6
00059;306;1
00059;333;1
00059;335;3
00059;346;2
00059;347;3
00059;365;5
00059;366;5
00059;369;1
00059;370;3
00059;382;1
00059;386;2
00059;392;2
00059;394;7
00059;397;6
00059;401;7
00059;402;8
00059;415;2
00059;425;1
00059;427;1
00059;430;1
00059;432;7
00059;442;1
00059;444;1
00059;447;2
00059;452;1
00059;465;1
00059;485;2
00059;504;1
00059;505;6
00059;509;6
00059;513;5
00059;521;2
00059;524;1
00059;530;2
00059;565;5
00059;572;3
00059;574;3
00059;577;8
00059;588;4
00059;590;4
00059;591;2
00059;607;1
00059;608;5
00059;609;1
00059;614;2
00059;631;2
00059;668;8
00059;670;6
00059;678;1
00059;679;1
00059;685;1
00059;689;5
00059;738;1
00059;748;1
00059;767;7
00059;769;1
00059;778;2
00059;784;7
00059;790;5
00059;812;8
00059;820;1
00059;827;2
00059;828;1
00059;833;6
00059;860;3
00059;865;7
00059;869;1
00059;874;3
00059;882;1
00059;903;4
00059;905;7
00059;912;1
00059;917;2
00059;936;6
00059;937;1
00059;964;1
00059;977;1
00059;983;3
00059;986;3
00059;987;2
00059;988;3
00059;989;8
00059;990;1
00059;1005;1
00059;1007;1
00059;1025;6
00059;1044;2
00059;1056;1
00059;1060;3
00059;1071;1
00059;1074;7
00059;1075;1
00059;1077;8
00059;1091;2
00059;1095;6
00059;1097;1
00059;1102;6
00059;1134;2
00059;1143;1
00059;1163;5
00059;1170;1
00059;1171;5
00059;1172;3
00059;1173;4
00059;1203;1
00059;1205;4
00059;1228;2
00059;1232;1
00060;17;2
00060;87;1
00060;100;8
00060;155;5
00060;241;6
00060;267;3
00060;322;4
00060;340;2
00060;348;8
00060;354;1
00060;370;1
00060;446;6
00060;519;2
00060;550;1
00060;587;5
00060;597;5
00060;653;2
00060;698;7
00060;722;1
00060;724;1
00060;751;1
00060;764;1
00060;990;3
00060;1000;1
00060;1004;8
00060;1040;1
00060;1041;3
00060;1043;3
00060;1046;2
00060;1047;3
00060;1104;1
00060;1110;3
00060;1192;2
00060;1194;1
00061;10;2
00061;56;1
00061;62;1
00061;63;1
00061;114;1
00061;132;1
00061;187;1
00061;195;8
00061;196;8
00061;197;1
00061;200;2
00061;226;1
00061;298;1
00061;347;1
00061;358;1
00061;370;4
00061;383;8
00061;427;1
00061;432;3
00061;434;1
00061;437;8
00061;439;1
00061;465;4
00061;481;3
00061;490;4
00061;498;3
00061;500;1
00061;501;8
00061;502;8
00061;505;8
00061;511;2
00061;517;1
00061;531;6
00061;532;1
00061;535;1
00061;565;1
00061;570;2
00061;590;2
00061;605;8
00061;668;1
00061;685;8
00061;726;1
00061;735;1
00061;738;1
00061;739;1
00061;741;1
00061;754;7
00061;763;1
00061;767;1
00061;827;1
00061;847;1
00061;864;1
00061;865;1
00061;875;1
00061;882;2
00061;912;1
00061;944;1
00061;969;7
00061;980;1
00061;990;2
00061;1040;1
00061;1079;6
00061;1092;2
00061;1093;2
00061;1098;1
00061;1188;1
00061;1207;1
00061;1208;1
00061;1234;1
00061;1236;1
00062;10;1
00062;17;6
00062;24;1
00062;43;1
00062;56;2
00062;60;1
00062;62;1
00062;63;3
00062;64;5
00062;69;1
00062;72;1
00062;88;1
00062;94;1
00062;110;1
00062;144;2
00062;148;8
00062;155;5
00062;160;1
00062;182;1
00062;192;5
00062;193;6
00062;194;5
00062;197;3
00062;200;2
00062;211;1
00062;224;1
00062;226;5
00062;237;1
00062;238;2
00062;244;1
00062;267;2
00062;297;2
00062;321;1
00062;322;1
00062;330;1
00062;331;3
00062;333;2
00062;340;1
00062;348;3
00062;349;1
00062;354;2
00062;358;1
00062;359;3
00062;370;7
00062;372;1
00062;382;2
00062;383;1
00062;427;1
00062;429;1
00062;434;1
00062;437;6
00062;438;7
00062;446;1
00062;458;1
00062;459;1
00062;460;1
00062;465;1
00062;472;1
00062;473;4
00062;479;1
00062;486;1
00062;505;1
00062;537;1
00062;539;1
00062;550;6
00062;551;1
00062;558;2
00062;559;1
00062;580;1
00062;586;1
00062;590;1
00062;607;6
00062;643;1
00062;663;2
00062;677;1
00062;698;3
00062;703;2
00062;704;1
00062;722;6
00062;724;3
00062;729;1
00062;731;1
00062;734;1
00062;735;1
00062;736;4
00062;761;2
00062;763;4
00062;764;2
00062;767;1
00062;768;3
00062;783;1
00062;787;1
00062;803;3
00062;804;1
00062;806;7
00062;819;1
00062;821;1
00062;822;2
00062;837;4
00062;842;7
00062;843;1
00062;844;2
00062;845;2
00062;870;1
00062;879;1
00062;880;1
00062;882;3
00062;885;1
00062;886;1
00062;888;3
00062;889;2
00062;904;3
00062;907;4
00062;912;1
00062;913;1
00062;914;1
00062;920;1
00062;937;1
00062;941;3
00062;944;1
00062;945;1
00062;964;1
00062;969;1
00062;990;3
00062;1000;3
00062;1022;1
00062;1023;3
00062;1032;1
00062;1033;1
00062;1038;1
00062;1039;1
00062;1040;2
00062;1042;1
00062;1071;1
00062;1073;7
00062;1080;2
00062;1093;1
00062;1104;1
00062;1151;5
00062;1192;1
00062;1195;1
00062;1214;4
00062;1232;1
00062;1234;2
00063;1;1
00063;23;1
00063;62;1
00063;63;1
00063;166;1
00063;322;2
00063;347;6
00063;370;1
00063;374;1
00063;429;8
00063;434;4
00063;437;1
00063;438;1
00063;463;8
00063;490;1
00063;499;6
00063;500;1
00063;501;1
00063;502;1
00063;505;1
00063;592;2
00063;669;1
00063;698;1
00063;704;1
00063;724;1
00063;763;1
00063;803;1
00063;805;2
00063;821;1
00063;922;1
00063;976;5
00063;980;1
00063;1040;1
00063;1091;1
00063;1155;8
00063;1171;4
00063;1192;4
00063;1228;5
00063;1229;5
00064;17;3
00064;20;2
00064;22;8
00064;24;1
00064;64;5
00064;144;2
00064;148;2
00064;155;1
00064;160;1
00064;197;2
00064;227;1
00064;267;1
00064;322;1
00064;331;1
00064;349;1
00064;358;1
00064;370;3
00064;372;8
00064;382;1
00064;434;1
00064;437;8
00064;472;1
00064;550;2
00064;590;1
00064;605;1
00064;606;1
00064;674;1
00064;698;1
00064;703;1
00064;722;1
00064;724;1
00064;768;1
00064;814;8
00064;842;8
00064;844;2
00064;882;1
00064;889;2
00064;907;1
00064;944;1
00064;963;2
00064;1000;2
00064;1033;1
00064;1038;8
00064;1067;1
00064;1071;1
00064;1076;1
00064;1091;2
00064;1093;2
00064;1188;1
00064;1195;8
00065;17;3
00065;20;6
00065;22;4
00065;24;7
00065;64;8
00065;87;3
00065;93;1
00065;132;1
00065;135;1
00065;144;8
00065;148;3
00065;155;7
00065;192;6
00065;194;8
00065;197;3
00065;206;5
00065;211;8
00065;224;1
00065;227;1
00065;238;1
00065;267;1
00065;297;1
00065;322;1
00065;323;2
00065;331;2
00065;341;3
00065;349;6
00065;358;1
00065;368;6
00065;370;6
00065;372;7
00065;383;1
00065;386;1
00065;387;7
00065;388;7
00065;437;8
00065;519;1
00065;539;1
00065;543;1
00065;546;1
00065;550;2
00065;578;8
00065;587;1
00065;597;2
00065;599;1
00065;606;4
00065;611;1
00065;629;1
00065;653;2
00065;674;7
00065;699;5
00065;722;4
00065;736;5
00065;763;1
00065;788;1
00065;803;1
00065;814;3
00065;819;1
00065;821;2
00065;833;1
00065;842;8
00065;882;1
00065;885;6
00065;886;6
00065;889;1
00065;904;6
00065;913;1
00065;963;1
00065;964;4
00065;990;2
00065;1000;2
00065;1006;1
00065;1007;5
00065;1038;8
00065;1042;1
00065;1045;4
00065;1046;7
00065;1048;2
00065;1067;4
00065;1073;8
00065;1092;2
00065;1093;1
00065;1099;5
00065;1149;1
00065;1150;1
00065;1151;6
00065;1153;1
00065;1164;1
00065;1188;1
00065;1195;6
00065;1214;1
00065;1232;1
00065;1234;2
00065;1237;7
00066;1;1
00066;10;1
00066;11;1
00066;13;1
00066;17;3
00066;22;2
00066;63;1
00066;100;5
00066;148;3
00066;155;1
00066;160;1
00066;166;1
00066;187;1
00066;200;3
00066;267;1
00066;322;8
00066;340;4
00066;348;7
00066;350;4
00066;370;7
00066;385;1
00066;427;1
00066;429;8
00066;434;7
00066;446;1
00066;463;5
00066;498;1
00066;558;2
00066;590;1
00066;605;1
00066;607;1
00066;630;1
00066;698;4
00066;722;2
00066;724;2
00066;731;1
00066;736;2
00066;763;3
00066;767;1
00066;771;1
00066;788;1
00066;821;3
00066;837;1
00066;882;2
00066;907;1
00066;912;1
00066;913;1
00066;944;3
00066;969;1
00066;976;1
00066;980;1
00066;990;2
00066;1004;1
00066;1098;1
00066;1104;1
00066;1109;1
00066;1134;1
00066;1155;5
00066;1192;8
00066;1194;2
00066;1195;1
00066;1214;1
00066;1226;1
00067;43;1
00067;61;1
00067;148;7
00067;354;1
00067;370;4
00067;472;5
00067;473;1
00067;519;1
00067;724;2
00067;764;1
00067;842;2
00067;910;5
00067;914;6
00067;1234;2
00068;11;1
00068;64;1
00068;90;5
00068;135;1
00068;195;6
00068;206;6
00068;297;1
00068;327;1
00068;331;1
00068;341;2
00068;349;7
00068;358;1
00068;359;1
00068;370;1
00068;437;1
00068;438;5
00068;543;8
00068;546;3
00068;550;1
00068;607;1
00068;632;1
00068;734;3
00068;819;1
00068;826;1
00068;838;1
00068;882;1
00068;889;2
00068;904;4
00068;913;1
00068;944;1
00068;964;5
00068;969;1
00068;1000;1
00068;1003;8
00068;1040;1
00068;1046;2
00068;1048;2
00068;1093;2
00068;1099;5
00068;1134;1
00068;1149;1
00068;1150;1
00068;1164;3
00068;1172;1
00068;1234;1
00069;193;8
00069;326;1
00069;327;2
00069;359;6
00069;363;7
00069;370;5
00069;438;7
00069;550;1
00069;703;8
00069;724;1
00069;837;1
00069;907;8
00069;944;3
00069;1000;4
00069;1234;3
00070;17;1
00070;327;2
00070;340;8
00070;370;5
00070;438;6
00070;698;8
00070;722;1
00070;804;8
00070;837;1
00070;944;3
00070;952;1
00070;1000;4
00070;1009;8
00070;1032;8
00070;1104;8
00070;1232;1
00070;1234;4
00071;11;1
00071;56;1
00071;148;8
00071;327;1
00071;370;1
00071;547;1
00072;58;3
00072;250;1
00072;323;6
00072;333;1
00072;682;7
00072;683;5
00072;732;8
00072;733;2
00072;837;1
00072;941;1
00072;1000;1
00072;1019;1
00072;1125;1
00073;50;8
00073;224;6
00073;227;8
00073;359;6
00073;370;4
00073;438;6
00073;629;6
00073;630;8
00073;724;1
00073;806;4
00073;843;8
00073;844;8
00073;990;1
00073;1000;1
00073;1093;2
00073;1228;1
00073;1229;1
00073;1234;1
00074;148;6
00074;370;1
00074;724;2
00074;910;7
00074;914;8
00074;1000;1
00074;1093;2
00075;100;1
00075;241;3
00075;273;2
00075;316;8
00075;348;2
00075;354;2
00075;359;4
00075;370;5
00075;446;8
00075;519;2
00075;587;2
00075;597;1
00075;751;2
00075;757;1
00075;837;1
00075;944;3
00075;1043;1
00075;1047;1
00075;1110;4
00075;1234;2
00075;1235;1
00076;329;1
00076;330;1
00076;359;2
00076;370;2
00076;437;7
00076;438;3
00076;606;8
00076;731;1
00076;882;1
00076;889;1
00076;1007;4
00076;1023;1
00076;1039;1
00076;1048;2
00076;1080;1
00076;1134;1
00076;1188;7
00077;25;2
00077;27;8
00077;31;1
00077;50;1
00077;90;6
00077;128;3
00077;135;2
00077;148;1
00077;168;1
00077;195;7
00077;197;1
00077;224;6
00077;226;1
00077;227;5
00077;267;1
00077;297;1
00077;298;1
00077;321;1
00077;323;8
00077;326;1
00077;327;6
00077;329;4
00077;330;3
00077;333;1
00077;359;6
00077;370;5
00077;428;1
00077;437;7
00077;438;7
00077;542;2
00077;546;8
00077;550;1
00077;551;1
00077;558;1
00077;586;1
00077;592;2
00077;629;8
00077;630;7
00077;663;1
00077;722;2
00077;724;1
00077;729;1
00077;731;2
00077;734;8
00077;735;2
00077;754;8
00077;806;1
00077;826;1
00077;837;1
00077;839;1
00077;843;7
00077;844;7
00077;845;2
00077;879;1
00077;882;2
00077;889;2
00077;912;1
00077;937;1
00077;939;5
00077;941;1
00077;944;2
00077;963;5
00077;990;2
00077;1006;8
00077;1012;8
00077;1023;1
00077;1034;8
00077;1035;8
00077;1040;1
00077;1080;1
00077;1092;2
00077;1093;2
00077;1134;1
00077;1138;6
00077;1149;5
00077;1150;4
00077;1152;7
00077;1153;7
00077;1188;1
00077;1220;8
00077;1232;1
00077;1234;4
00078;61;4
00078;65;1
00078;82;1
00078;90;1
00078;93;1
00078;135;1
00078;146;3
00078;152;2
00078;159;6
00078;161;1
00078;179;2
00078;184;1
00078;188;1
00078;238;1
00078;253;5
00078;255;7
00078;265;1
00078;282;2
00078;315;1
00078;320;8
00078;321;1
00078;326;1
00078;330;1
00078;333;1
00078;359;1
00078;370;3
00078;373;7
00078;427;2
00078;438;3
00078;451;1
00078;452;6
00078;459;5
00078;460;1
00078;479;1
00078;556;2
00078;648;1
00078;663;1
00078;680;8
00078;686;4
00078;696;1
00078;718;1
00078;722;1
00078;724;1
00078;731;1
00078;734;1
00078;753;1
00078;800;1
00078;802;7
00078;838;1
00078;884;1
00078;889;1
00078;912;1
00078;944;1
00078;945;1
00078;1010;2
00078;1015;1
00078;1019;1
00078;1021;8
00078;1042;2
00078;1065;1
00078;1069;1
00078;1071;3
00078;1078;2
00078;1081;2
00078;1086;2
00078;1089;2
00078;1090;2
00078;1091;4
00078;1093;2
00078;1111;8
00078;1112;1
00078;1118;1
00078;1179;3
00078;1180;3
00078;1181;8
00078;1227;2
00078;1234;2
00079;65;1
00079;75;1
00079;123;5
00079;132;1
00079;135;2
00079;146;2
00079;148;1
00079;179;1
00079;184;1
00079;255;1
00079;315;1
00079;320;6
00079;330;2
00079;333;1
00079;359;3
00079;370;1
00079;373;4
00079;384;5
00079;427;1
00079;438;5
00079;452;1
00079;648;5
00079;650;7
00079;663;1
00079;826;2
00079;829;1
00079;838;1
00079;882;1
00079;912;1
00079;923;4
00079;944;2
00079;945;5
00079;1000;1
00079;1010;1
00079;1023;1
00079;1065;1
00079;1082;5
00079;1089;1
00079;1091;2
00079;1112;8
00079;1179;2
00079;1181;8
00079;1234;2
00080;61;1
00080;135;1
00080;152;1
00080;159;2
00080;238;2
00080;330;1
00080;333;2
00080;427;1
00080;438;1
00080;451;1
00080;452;1
00080;453;1
00080;458;7
00080;459;1
00080;460;8
00080;612;1
00080;663;1
00080;696;6
00080;722;1
00080;753;6
00080;800;4
00080;884;1
00080;912;1
00080;945;3
00080;1010;1
00080;1042;3
00080;1065;1
00080;1071;2
00080;1078;7
00080;1091;1
00080;1179;1
00080;1180;1
00080;1227;8
00080;1234;3
00081;31;1
00081;90;3
00081;93;1
00081;132;1
00081;135;1
00081;195;1
00081;253;1
00081;321;8
00081;326;3
00081;359;1
00081;370;4
00081;438;5
00081;542;5
00081;546;7
00081;550;1
00081;551;1
00081;586;1
00081;592;1
00081;729;1
00081;731;1
00081;734;8
00081;941;2
00081;944;1
00081;990;2
00081;1092;6
00081;1134;1
00081;1232;1
00081;1234;1
00082;25;8
00082;31;2
00082;90;8
00082;93;8
00082;132;1
00082;135;7
00082;148;1
00082;152;2
00082;159;3
00082;189;1
00082;195;1
00082;197;1
00082;238;1
00082;253;6
00082;297;1
00082;321;8
00082;326;8
00082;327;4
00082;330;1
00082;331;1
00082;333;1
00082;359;6
00082;370;5
00082;427;1
00082;438;8
00082;458;2
00082;542;5
00082;543;3
00082;546;7
00082;550;1
00082;551;1
00082;586;1
00082;592;1
00082;722;1
00082;724;1
00082;729;1
00082;731;1
00082;734;7
00082;826;1
00082;837;1
00082;845;1
00082;879;1
00082;882;1
00082;889;1
00082;904;1
00082;912;1
00082;937;1
00082;941;2
00082;944;2
00082;952;1
00082;963;7
00082;990;1
00082;1000;1
00082;1003;6
00082;1040;1
00082;1078;1
00082;1092;1
00082;1150;1
00082;1188;1
00082;1227;1
00082;1232;1
00082;1234;4
00083;18;6
00083;166;7
00083;187;1
00083;238;1
00083;366;1
00083;370;3
00083;394;1
00083;427;1
00083;430;1
00083;432;6
00083;447;2
00083;463;1
00083;501;1
00083;505;2
00083;517;1
00083;550;1
00083;590;2
00083;609;1
00083;668;1
00083;767;2
00083;905;1
00083;912;1
00083;988;1
00083;989;1
00083;1074;1
00083;1077;2
00083;1091;1
00083;1102;4
00083;1143;5
00083;1170;1
00083;1171;1
00083;1203;6
00084;8;3
00084;160;7
00084;333;1
00084;346;1
00084;384;1
00084;555;1
00084;590;1
00084;778;1
00084;837;1
00084;912;1
00084;922;2
00084;952;1
00084;986;2
00084;1086;1
00084;1112;2
00084;1179;1
00085;29;6
00085;58;4
00085;88;1
00085;98;1
00085;179;2
00085;200;3
00085;202;5
00085;250;1
00085;370;2
00085;427;2
00085;432;1
00085;438;1
00085;469;1
00085;475;5
00085;589;1
00085;590;1
00085;724;1
00085;732;1
00085;733;1
00085;888;1
00085;912;1
00085;941;1
00085;969;1
00085;982;5
00085;983;1
00085;1018;8
00085;1019;1
00085;1022;1
00085;1036;1
00085;1065;1
00085;1118;8
00086;8;7
00086;61;2
00086;85;1
00086;110;5
00086;135;2
00086;148;6
00086;152;3
00086;160;4
00086;200;1
00086;238;2
00086;271;7
00086;330;2
00086;346;5
00086;370;3
00086;384;1
00086;427;1
00086;505;2
00086;554;8
00086;555;1
00086;577;1
00086;586;1
00086;590;6
00086;722;3
00086;731;1
00086;763;2
00086;769;3
00086;922;1
00086;944;2
00086;945;2
00086;952;1
00086;983;4
00086;990;2
00086;1000;2
00086;1015;1
00086;1033;1
00086;1071;1
00086;1077;1
00086;1086;1
00086;1090;1
00086;1091;2
00086;1112;1
00086;1118;1
00086;1173;2
00086;1181;1
00086;1227;1
00086;1232;1
00086;1234;1
00087;187;8
00087;223;2
00087;228;8
00087;229;8
00087;333;2
00087;369;8
00087;370;4
00087;382;1
00087;394;1
00087;401;2
00087;432;7
00087;438;4
00087;485;1
00087;513;2
00087;550;2
00087;590;4
00087;631;2
00087;632;1
00087;668;1
00087;722;1
00087;812;2
00087;819;2
00087;833;1
00087;860;4
00087;945;1
00087;990;1
00087;1005;8
00087;1007;1
00087;1015;7
00087;1025;1
00087;1032;1
00087;1060;5
00087;1071;2
00087;1134;2
00087;1163;1
00087;1169;1
00087;1180;1
00087;1234;1
00088;370;3
00088;443;2
00088;457;8
00088;590;4
00088;614;6
00088;668;1
00088;678;2
00088;679;2
00088;702;1
00088;945;1
00088;990;1
00088;1091;5
00088;1134;1
00088;1144;1
00089;79;4
00089;152;2
00089;176;7
00089;177;2
00089;179;1
00089;260;7
00089;265;2
00089;370;1
00089;469;8
00089;479;1
00089;590;1
00089;706;2
00089;778;1
00089;905;4
00089;912;3
00089;1065;1
00089;1086;1
00090;7;7
00090;160;1
00090;161;1
00090;176;7
00090;177;7
00090;200;6
00090;260;4
00090;265;7
00090;370;1
00090;451;7
00090;479;4
00090;505;1
00090;589;1
00090;590;8
00090;763;1
00090;778;2
00090;874;1
00090;884;8
00090;912;6
00090;987;1
00090;1065;1
00090;1071;1
00090;1086;5
00090;1089;1
00090;1090;4
00090;1091;4
00090;1234;1
00090;1238;1
00091;1;1
00091;3;2
00091;4;2
00091;8;1
00091;9;1
00091;11;2
00091;13;1
00091;15;3
00091;17;2
00091;21;1
00091;29;5
00091;30;1
00091;32;1
00091;33;1
00091;40;2
00091;41;1
00091;45;1
00091;46;2
00091;50;1
00091;56;1
00091;57;7
00091;58;6
00091;59;5
00091;60;1
00091;69;5
00091;78;1
00091;88;7
00091;92;1
00091;94;1
00091;95;8
00091;97;8
00091;98;6
00091;100;2
00091;103;4
00091;105;4
00091;109;4
00091;115;3
00091;116;4
00091;118;2
00091;119;4
00091;121;1
00091;122;1
00091;124;1
00091;128;1
00091;134;1
00091;135;1
00091;139;5
00091;147;1
00091;163;1
00091;166;1
00091;170;1
00091;173;1
00091;174;5
00091;181;1
00091;182;8
00091;183;6
00091;186;6
00091;189;1
00091;199;3
00091;202;4
00091;204;4
00091;211;1
00091;226;1
00091;237;1
00091;240;6
00091;241;3
00091;242;1
00091;243;1
00091;244;1
00091;248;1
00091;250;7
00091;256;1
00091;259;1
00091;261;1
00091;263;1
00091;264;1
00091;265;1
00091;266;7
00091;267;8
00091;268;1
00091;272;1
00091;274;1
00091;275;1
00091;276;1
00091;278;1
00091;279;1
00091;281;1
00091;283;1
00091;286;1
00091;287;1
00091;294;7
00091;297;2
00091;300;1
00091;301;1
00091;314;5
00091;317;5
00091;322;7
00091;331;1
00091;333;1
00091;339;4
00091;348;2
00091;351;2
00091;352;2
00091;353;7
00091;354;2
00091;355;1
00091;359;3
00091;361;2
00091;362;7
00091;364;6
00091;370;7
00091;376;7
00091;381;7
00091;385;6
00091;392;1
00091;395;6
00091;396;6
00091;398;2
00091;405;1
00091;412;2
00091;413;8
00091;416;1
00091;422;7
00091;423;2
00091;426;1
00091;428;1
00091;431;1
00091;434;3
00091;443;2
00091;454;1
00091;455;1
00091;466;4
00091;468;8
00091;473;1
00091;474;5
00091;475;7
00091;478;4
00091;485;1
00091;486;3
00091;489;1
00091;508;2
00091;512;2
00091;538;1
00091;545;2
00091;549;1
00091;550;6
00091;551;1
00091;552;6
00091;553;1
00091;559;2
00091;562;1
00091;579;4
00091;582;1
00091;586;1
00091;594;5
00091;598;6
00091;601;2
00091;603;5
00091;611;4
00091;615;6
00091;626;1
00091;641;4
00091;642;1
00091;643;1
00091;648;1
00091;659;1
00091;667;1
00091;673;1
00091;682;5
00091;683;5
00091;684;5
00091;688;1
00091;690;2
00091;694;1
00091;695;4
00091;700;8
00091;704;1
00091;714;2
00091;719;1
00091;720;3
00091;722;8
00091;724;2
00091;725;1
00091;727;1
00091;728;8
00091;729;1
00091;731;2
00091;732;8
00091;733;7
00091;735;1
00091;751;2
00091;752;4
00091;756;8
00091;759;7
00091;762;1
00091;763;6
00091;764;4
00091;767;1
00091;768;1
00091;770;8
00091;771;1
00091;772;3
00091;773;1
00091;779;1
00091;781;7
00091;782;1
00091;784;4
00091;787;7
00091;788;1
00091;791;2
00091;794;1
00091;796;5
00091;797;6
00091;798;2
00091;799;3
00091;801;7
00091;803;6
00091;808;7
00091;809;1
00091;822;7
00091;833;6
00091;834;1
00091;835;1
00091;836;2
00091;838;1
00091;844;2
00091;854;1
00091;859;7
00091;866;1
00091;867;1
00091;868;1
00091;870;7
00091;872;3
00091;875;1
00091;880;1
00091;882;1
00091;883;1
00091;888;3
00091;893;7
00091;894;1
00091;896;1
00091;897;1
00091;900;4
00091;906;1
00091;913;1
00091;914;1
00091;935;2
00091;941;2
00091;944;1
00091;947;1
00091;965;7
00091;974;7
00091;982;2
00091;985;6
00091;990;3
00091;992;1
00091;993;1
00091;997;8
00091;998;7
00091;1000;7
00091;1018;7
00091;1019;2
00091;1023;1
00091;1033;1
00091;1040;1
00091;1041;1
00091;1043;2
00091;1047;2
00091;1051;1
00091;1054;2
00091;1056;2
00091;1057;2
00091;1058;2
00091;1063;1
00091;1080;2
00091;1085;1
00091;1091;1
00091;1093;2
00091;1095;8
00091;1097;6
00091;1098;6
00091;1103;1
00091;1106;1
00091;1107;1
00091;1108;1
00091;1115;1
00091;1116;1
00091;1118;7
00091;1119;2
00091;1125;4
00091;1134;1
00091;1177;7
00091;1184;7
00091;1186;1
00091;1189;8
00091;1191;2
00091;1192;1
00091;1216;8
00091;1217;8
00091;1219;8
00091;1226;8
00091;1232;1
00091;1234;2
00091;1235;3
00092;17;1
00092;43;1
00092;111;1
00092;130;1
00092;135;4
00092;136;1
00092;148;2
00092;181;1
00092;185;1
00092;189;1
00092;193;1
00092;200;1
00092;213;5
00092;226;3
00092;238;4
00092;258;8
00092;333;3
00092;342;1
00092;354;4
00092;370;4
00092;377;2
00092;392;1
00092;429;1
00092;434;1
00092;446;1
00092;465;2
00092;472;8
00092;473;7
00092;479;1
00092;489;5
00092;492;1
00092;503;1
00092;510;1
00092;514;2
00092;550;2
00092;559;2
00092;586;2
00092;596;1
00092;599;5
00092;607;1
00092;611;4
00092;643;1
00092;653;1
00092;661;8
00092;671;1
00092;687;1
00092;692;1
00092;705;5
00092;722;8
00092;724;4
00092;729;1
00092;731;2
00092;735;1
00092;763;2
00092;764;2
00092;767;1
00092;778;3
00092;783;7
00092;788;1
00092;804;1
00092;806;1
00092;822;1
00092;824;1
00092;826;1
00092;837;1
00092;838;1
00092;839;1
00092;842;5
00092;845;2
00092;856;1
00092;858;2
00092;859;1
00092;879;6
00092;883;1
00092;888;1
00092;889;1
00092;908;1
00092;910;2
00092;914;4
00092;915;1
00092;926;1
00092;930;2
00092;934;3
00092;940;1
00092;941;2
00092;944;1
00092;946;1
00092;952;8
00092;990;3
00092;1000;7
00092;1014;1
00092;1023;2
00092;1031;1
00092;1033;4
00092;1040;1
00092;1066;1
00092;1071;1
00092;1093;2
00092;1147;8
00092;1151;1
00092;1186;1
00092;1188;1
00092;1192;2
00092;1195;7
00092;1226;1
00092;1227;1
00092;1232;5
00092;1234;7
00092;00093;9
00092;113;7
00092;145;8
00092;180;7
00092;272;8
00092;422;1
00092;467;2
00092;489;2
00092;550;1
00092;586;3
00092;722;1
00092;724;1
00092;873;1
00092;999;2
00092;1000;2
00092;1020;2
00092;1023;1
00092;1033;2
00092;1233;1
00094;78;2
00094;114;2
00094;122;1
00094;123;1
00094;137;1
00094;192;1
00094;209;2
00094;270;2
00094;277;2
00094;282;1
00094;309;7
00094;311;7
00094;322;1
00094;359;1
00094;370;2
00094;400;1
00094;435;1
00094;436;1
00094;440;8
00094;442;1
00094;494;8
00094;498;6
00094;504;1
00094;505;1
00094;533;1
00094;536;8
00094;571;2
00094;742;8
00094;745;8
00094;789;2
00094;955;7
00094;1016;2
00094;1091;2
00094;1092;2
00094;1121;6
00094;1143;7
00094;1156;5
00094;1158;1
00094;1197;7
00094;1199;7
00094;1200;1
00094;1204;8
00094;1223;5
00095;12;1
00095;30;6
00095;43;1
00095;192;2
00095;257;1
00095;322;1
00095;603;5
00095;606;5
00095;1097;1
00096;9;1
00096;40;2
00096;43;1
00096;75;7
00096;454;8
00096;455;8
00096;520;2
00096;526;2
00096;527;1
00096;673;8
00096;883;1
00096;1087;1
00097;52;1
00097;68;1
00097;135;1
00097;140;2
00097;190;1
00097;392;1
00097;416;2
00097;538;1
00097;539;8
00097;751;5
00097;757;8
00098;145;7
00098;180;5
00098;270;1
00098;272;5
00098;362;2
00098;467;1
00098;595;1
00098;667;2
00098;728;8
00098;782;7
00098;787;3
00098;985;4
00098;1018;1
00098;1019;1
00098;1118;2
00099;268;8
00099;324;8
00099;449;7
00099;992;5
00099;1191;2
00100;59;2
00100;183;8
00100;370;5
00100;579;8
00100;803;2
00100;833;2
00100;1000;6
00100;1017;7
00100;1033;1
00100;1097;2
00100;1232;2
